{"claude-opus-max": [0.0, 0.0, 0.166675, 0.75, 0.833325, 1.0, 1.08335, 1.16665, 1.16665, 1.1666750000000001, 1.1667, 1.25, 1.3333249999999999, 1.3333249999999999, 1.3333249999999999, 1.333325, 1.33335, 1.33335, 1.41665, 1.416675, 1.416675, 1.4166750000000001, 1.4166750000000001, 1.4166750000000001, 1.499975, 1.5, 1.5, 1.5, 1.500025, 1.5833249999999999, 1.5833249999999999, 1.5833249999999999, 1.5833249999999999, 1.5833249999999999, 1.5833249999999999, 1.5833249999999999, 1.58335, 1.58335, 1.58335, 1.58335, 1.66665, 1.66665, 1.66665, 1.66665, 1.666675, 1.6666750000000001, 1.6666750000000001, 1.6666750000000001, 1.75, 1.75, 1.75, 1.75, 1.75, 1.75, 1.75, 1.75, 1.75, 1.750025, 1.750025, 1.750025, 1.750025, 1.8333249999999999, 1.83335, 1.83335, 1.91665, 1.91665, 1.91665, 1.91665, 1.9166750000000001, 1.9166750000000001, 1.9166750000000001, 1.9166750000000001, 1.999975, 1.999975, 2.0, 2.0, 2.0, 2.0, 2.0, 2.0, 2.0, 2.083325, 2.083325, 2.083325, 2.083325, 2.0833500000000003, 2.0833500000000003, 2.1666499999999997, 2.1666499999999997, 2.1666499999999997, 2.1666499999999997, 2.1666499999999997, 2.166675, 2.166675, 2.166675, 2.249975, 2.25, 2.25, 2.25, 2.25, 2.25, 2.25, 2.25, 2.3333, 2.333325, 2.333325, 2.4166499999999997, 2.416675, 2.416675, 2.4167, 2.4167, 2.499975, 2.5, 2.5, 2.583325, 2.583325, 2.6666499999999997, 2.75, 2.9166499999999997, 3.0833, 3.416675, 4.25, 4.916675, 5.0], "codex-gpt-5_4": [0.0, 0.0, 0.0, 0.0, 0.0, 0.0, 0.083325, 0.25, 0.749975, 0.749975, 0.75, 0.833325, 0.833325, 1.0833249999999999, 1.083325, 1.08335, 1.16665, 1.166675, 1.166675, 1.25, 1.25, 1.25, 1.25, 1.41665, 1.41665, 1.41665, 1.4166750000000001, 1.499975, 1.5833249999999999, 1.5833249999999999, 1.5833249999999999, 1.5833249999999999, 1.58335, 1.58335, 1.58335, 1.66665, 1.6666750000000001, 1.6666750000000001, 1.6666750000000001, 1.75, 1.75, 1.75, 1.75, 1.75, 1.75, 1.75, 1.8333249999999999, 1.8333249999999999, 1.8333249999999999, 1.8333249999999999, 1.8333249999999999, 1.83335, 1.83335, 1.83335, 1.83335, 1.83335, 1.91665, 1.91665, 1.9166750000000001, 1.9166750000000001, 1.9166750000000001, 1.9166750000000001, 1.999975, 2.0, 2.0, 2.0, 2.000025, 2.0833, 2.083325, 2.083325, 2.083325, 2.083325, 2.083325, 2.083325, 2.083325, 2.083325, 2.083325, 2.0833500000000003, 2.0833500000000003, 2.1666499999999997, 2.166675, 2.166675, 2.249975, 2.25, 2.25, 2.25, 2.25, 2.25, 2.250025, 2.3333, 2.333325, 2.333325, 2.333325, 2.3333500000000003, 2.4166499999999997, 2.4166499999999997, 2.416675, 2.5, 2.5, 2.5, 2.583325, 2.583325, 2.583325, 2.5833500000000003, 2.5833500000000003, 2.666675, 2.75, 2.833325, 2.8333500000000003, 2.8333500000000003, 2.8333500000000003, 2.9166499999999997, 2.9166499999999997, 2.999975, 3.0, 3.0, 3.0833500000000003, 3.166675, 3.25, 3.25, 3.5, 4.083325, 4.166675, 5.0], "cursor-composer2": [0.0, 0.0, 0.0, 0.0, 0.0, 0.0, 0.0, 0.0, 0.0, 0.0, 0.0, 0.0, 0.0, 0.0, 0.0, 0.0, 0.0, 0.166675, 0.25, 0.6666749999999999, 0.8332999999999999, 0.833325, 0.91665, 0.916675, 0.999975, 1.0833249999999999, 1.083325, 1.08335, 1.08335, 1.166675, 1.1667, 1.249975, 1.25, 1.25, 1.3333249999999999, 1.3333249999999999, 1.33335, 1.33335, 1.416675, 1.4166750000000001, 1.499975, 1.5, 1.5, 1.5, 1.5833249999999999, 1.5833249999999999, 1.5833249999999999, 1.5833249999999999, 1.5833249999999999, 1.5833249999999999, 1.5833249999999999, 1.5833249999999999, 1.5833249999999999, 1.58335, 1.66665, 1.66665, 1.66665, 1.66665, 1.6666750000000001, 1.6666750000000001, 1.749975, 1.75, 1.75, 1.75, 1.750025, 1.8333249999999999, 1.8333249999999999, 1.83335, 1.83335, 1.91665, 1.91665, 1.91665, 1.9166750000000001, 1.9166750000000001, 1.999975, 2.0, 2.0, 2.0, 2.0, 2.000025, 2.083325, 2.083325, 2.083325, 2.083325, 2.0833500000000003, 2.1666499999999997, 2.1666499999999997, 2.166675, 2.166675, 2.166675, 2.25, 2.25, 2.25, 2.25, 2.25, 2.25, 2.25, 2.250025, 2.3333, 2.333325, 2.333325, 2.4166499999999997, 2.5, 2.5, 2.5833500000000003, 2.5833500000000003, 2.5833500000000003, 2.6666499999999997, 2.6666499999999997, 2.749975, 2.75, 2.75, 2.833325, 2.833325, 2.9166499999999997, 2.916675, 3.0, 3.000025, 3.083325, 3.5833500000000003, 3.66665, 3.750025, 4.416650000000001, 4.583325], "opencode-glm51": [0.0, 0.0, 0.0, 0.0, 0.0, 0.0, 0.0, 0.0, 0.0, 0.0, 0.0, 0.0, 0.0, 0.0, 0.0, 0.0, 0.083325, 0.083325, 0.166675, 0.25, 0.583325, 0.66665, 0.749975, 0.749975, 0.749975, 0.75, 0.7500249999999999, 0.91665, 0.91665, 0.91665, 1.000025, 1.0833249999999999, 1.08335, 1.16665, 1.16665, 1.166675, 1.166675, 1.166675, 1.249975, 1.25, 1.25, 1.25, 1.25, 1.250025, 1.250025, 1.3333249999999999, 1.333325, 1.333325, 1.33335, 1.416675, 1.4166750000000001, 1.4166750000000001, 1.499975, 1.5, 1.5, 1.5, 1.5, 1.5, 1.5, 1.5, 1.500025, 1.500025, 1.5833249999999999, 1.5833249999999999, 1.5833249999999999, 1.58335, 1.58335, 1.58335, 1.66665, 1.66665, 1.66665, 1.66665, 1.66665, 1.666675, 1.6666750000000001, 1.6666750000000001, 1.6666750000000001, 1.6666750000000001, 1.6666750000000001, 1.6666750000000001, 1.6666750000000001, 1.6666750000000001, 1.6666750000000001, 1.75, 1.75, 1.75, 1.75, 1.75, 1.75, 1.8333, 1.8333249999999999, 1.8333249999999999, 1.833325, 1.83335, 1.83335, 1.83335, 1.83335, 1.91665, 1.9166750000000001, 1.9166750000000001, 1.9166750000000001, 1.9166750000000001, 1.9166750000000001, 1.999975, 2.0, 2.0, 2.0, 2.083325, 2.083325, 2.083325, 2.0833500000000003, 2.0833500000000003, 2.166675, 2.166675, 2.25, 2.25, 2.250025, 2.499975, 2.5, 2.75, 2.8333500000000003, 2.9166499999999997, 3.0, 4.0833]}
